<?xml version="1.0" encoding="UTF-8"?>
<treebank>
  <!-- tokens means "surface tokens", e.g. Spanish "vámonos" counts as one token
       words means "syntactic words", e.g. Spanish "vámonos" is split to two words, "vamos" and "nos"
       fused is the number of tokens that are split to two or more syntactic words
       The words and fused elements can be omitted if no token is split to smaller syntactic words. -->
  <size>
    <total><sentences>16647</sentences><tokens>351704</tokens><words>351704</words><fused>0</fused></total>
    <train><sentences>13304</sentences><tokens>281057</tokens><words>281057</words><fused>0</fused></train>
    <dev><sentences>1659</sentences><tokens>35217</tokens><words>35217</words><fused>0</fused></dev>
    <test><sentences>1684</sentences><tokens>35430</tokens><words>35430</words><fused>0</fused></test>
  </size>
  <lemmas unique="15528" /><!-- का, ।, है, में, कर, के, को, यह, जा, ने, से, कि, वह, हो, पर -->
  <forms unique="19088" /><!-- के, ।, में, की, है, को, ने, से, कि, का, पर, और, ,, कहा, हैं -->
  <fusions unique="0" /><!--  -->
  <!-- Statistics of universal POS tags. The comments show the most frequent lemmas. -->
  <tags unique="16">
    <tag name="ADJ">20646</tag><!-- पूरा, शामिल, अन्य, पिछला, जारी, नया, पूर्व, भारतीय, तैयार, स्थित -->
    <tag name="ADP">74145</tag><!-- का, में, के, को, ने, से, पर, लिए, वाला, तक -->
    <tag name="ADV">3299</tag><!-- बाद, पहले, सबसे, फिर, वहीं, आगे, जल्द, साथ, लगातार, फिलहाल -->
    <tag name="AUX">26030</tag><!-- है, जा, था, रह, दे, हो, सक, ले, चाहिए, चुक -->
    <tag name="CCONJ">6427</tag><!-- और, व, लेकिन, जबकि, तथा, या, पर, एवं, अथवा, मगर -->
    <tag name="DET">7525</tag><!-- यह, कुछ, कई, वह, सभी, कम, ज्यादा, ऐसा, काफी, जो -->
    <tag name="INTJ">3</tag><!-- ऐ, वाह -->
    <tag name="NOUN">78155</tag><!-- सरकार, लोग, मामला, पुलिस, राज्य, देश, नेता, पार्टी, बात, चुनाव -->
    <tag name="NUM">6740</tag><!-- एक, दो, तीन, करोड, हजार, चार, लाख, पांच, छह, सात -->
    <tag name="PART">7009</tag><!-- भी, नहीं, ही, न, तो, करीब, से, भर, लगभग, सिर्फ -->
    <tag name="PRON">14702</tag><!-- वह, यह, अपना, कोई, जो, यहाँ, अब, हम, जब, मैं -->
    <tag name="PROPN">42941</tag><!-- सिंह, भारत, प्रधानमंत्री, कांग्रेस, पाकिस्तान, दिल्ली, मंत्री, भाजपा, सरकार, कश्मीर -->
    <tag name="PUNCT">23455</tag><!-- ।, COMMA, -, ., SINGLE_QUOTE, (, ), ?, 1, 2 -->
    <tag name="SCONJ">6726</tag><!-- कि, तो, हालांकि, अगर, यदि, क्योंकि, ताकि, बहरहाल, बल्कि, यानि -->
    <tag name="VERB">33753</tag><!-- कर, हो, कह, दे, ले, बता, है, आ, मिल, रह -->
    <tag name="X">148</tag><!-- पास, रिकॉर्ड, डाउनलोड, फिट, फेल, बुक, अलग, आउट, आफ, इंटरसेप्ट -->
  </tags>
  <!-- Statistics of features and values. The comments show the most frequent word forms. -->
  <feats unique="43">
    <feat name="AdpType" value="Post" upos="ADP,ADV,NOUN">74379</feat><!-- के, में, की, को, ने, से, का, पर, लिए, बाद -->
    <feat name="AdvType" value="Deg" upos="ADV">372</feat><!-- सबसे, बहुत, बेहद, काफी, और, सर्वाधिक, अति, अत्यंत, मोस्ट, इतनी -->
    <feat name="Aspect" value="Imp" upos="AUX,PROPN,VERB">3552</feat><!-- करते, सकता, जाता, सकते, सकती, देते, चाहते, होता, देखते, होती -->
    <feat name="Aspect" value="Perf" upos="ADP,AUX,NOUN,VERB,X">22694</feat><!-- कहा, किया, गया, की, दिया, हुए, गई, गए, बताया, दी -->
    <feat name="Case" value="Acc" upos="ADJ,ADP,ADV,AUX,DET,NOUN,NUM,PART,PRON,PROPN,VERB,X">99173</feat><!-- के, की, इस, करने, सरकार, लोगों, होने, सिंह, जाने, अपने -->
    <feat name="Case" value="Acc,Dat" upos="NOUN,PRON">1165</feat><!-- उन्हें, उसे, इसे, हमें, जिसे, मुझे, इन्हें, जिन्हें, आपको, उनको -->
    <feat name="Case" value="Acc,Erg" upos="AUX,PRON,VERB">1768</feat><!-- उन्होंने, उसने, हमने, मैंने, जिसने, जिन्होंने, आपने, इन्होंने, किसने, इसने -->
    <feat name="Case" value="Acc,Gen" upos="ADP,ADV,PRON,VERB">2848</feat><!-- इसके, उनके, उनकी, उसके, इसका, उनका, इसकी, उसकी, उसका, हमारे -->
    <feat name="Case" value="Acc,Ine" upos="PRON">482</feat><!-- इसमें, जिसमें, इनमें, जिनमें, उसमें, उनमें, हममें -->
    <feat name="Case" value="Acc,Ins" upos="PRON">511</feat><!-- इससे, जिससे, उनसे, उससे, इनसे, जिनसे, सबसे, मुझसे, हमसे, उनके -->
    <feat name="Case" value="Nom" upos="ADJ,ADP,ADV,AUX,DET,NOUN,NUM,PART,PRON,PROPN,PUNCT,SCONJ,VERB,X">83564</feat><!-- का, की, यह, के, बाद, साथ, वह, कोई, दौरान, पहले -->
    <feat name="Echo" value="Rdp" upos="ADJ,ADV,DET,NOUN,NUM,PRON,VERB">208</feat><!-- अलग, साथ, बार, एक, धीरे, समय, अपने, तरह, बड़े, कभी -->
    <feat name="Foreign" value="Yes" upos="X">121</feat><!-- पास, रिकॉर्ड, डाउनलोड, फिट, फेल, बुक, आउट, आफ, इंटरसेप्ट, रेफर -->
    <feat name="Gender" value="Fem" upos="ADJ,ADP,ADV,AUX,DET,NOUN,PART,PRON,PROPN,PUNCT,VERB,X">55133</feat><!-- की, सरकार, गई, थी, दी, पुलिस, रही, पार्टी, कांग्रेस, हुई -->
    <feat name="Gender" value="Masc" upos="ADJ,ADP,ADV,AUX,DET,NOUN,NUM,PART,PRON,PROPN,SCONJ,VERB,X">130758</feat><!-- के, का, कहा, किया, गया, था, बाद, दिया, हुए, साथ -->
    <feat name="Mood" value="Imp" upos="AUX,PROPN,VERB">13</feat><!-- करो, बताओ, दो, जाओ, बचाओ, लो -->
    <feat name="Mood" value="Ind" upos="ADP,AUX,PROPN,VERB">16582</feat><!-- है, हैं, था, थी, थे, जाएगा, होगा, करेंगे, होगी, जाएगी -->
    <feat name="Mood" value="Sub" upos="AUX,PRON,PUNCT,VERB">664</feat><!-- जाए, सके, करें, करे, दें, रहे, जाएं, हुए, जाएँ, मिले -->
    <feat name="Number" value="Plur" upos="ADJ,ADP,ADV,AUX,DET,NOUN,NUM,PART,PRON,PROPN,VERB,X">30534</feat><!-- के, हैं, लोगों, की, गए, इन, रहे, थे, दोनों, लोग -->
    <feat name="Number" value="Sing" upos="ADJ,ADP,ADV,AUX,DET,NOUN,NUM,PART,PRON,PROPN,PUNCT,SCONJ,VERB,X">187205</feat><!-- है, की, के, का, कहा, इस, किया, गया, यह, उन्होंने -->
    <feat name="NumType" value="Card" upos="NUM">6740</feat><!-- एक, दो, दोनों, तीन, करोड़, चार, लाख, हजार, पांच, छह -->
    <feat name="NumType" value="Ord" upos="ADJ">556</feat><!-- पहली, दूसरे, दूसरी, पहले, तीसरे, पहला, दूसरा, प्रथम, चौथे, तीसरी -->
    <feat name="Person" value="1" upos="AUX,DET,NOUN,PRON,VERB">909</feat><!-- हम, मैं, हमें, हमारे, हूं, मुझे, हमने, हमारी, मैंने, हैं -->
    <feat name="Person" value="2" upos="ADP,AUX,PRON,PROPN,VERB">359</feat><!-- आप, हैं, सकते, आपको, आपके, आपकी, कर, ले, आपका, करें -->
    <feat name="Person" value="3" upos="ADJ,ADP,ADV,AUX,CCONJ,DET,NOUN,NUM,PART,PRON,PROPN,VERB,X">165146</feat><!-- है, इस, हैं, उन्होंने, यह, सरकार, बाद, साथ, सिंह, किया -->
    <feat name="Polarity" value="Neg" upos="PART">2198</feat><!-- नहीं, न, बिना, बगैर, मत, नही -->
    <feat name="Polite" value="Form" upos="ADJ,ADP,AUX,DET,NOUN,PRON,PROPN,VERB">6188</feat><!-- उन्होंने, हैं, उनके, उन्हें, उनकी, के, रहे, थे, वे, कर -->
    <feat name="Polite" value="Infm" upos="AUX,PROPN,VERB">13</feat><!-- करो, बताओ, दो, जाओ, बचाओ, लो -->
    <feat name="Poss" value="Yes" upos="ADP,ADV,PRON,VERB">2848</feat><!-- इसके, उनके, उनकी, उसके, इसका, उनका, इसकी, उसकी, उसका, हमारे -->
    <feat name="PronType" value="Dem" upos="DET,PRON">4730</feat><!-- इस, यह, इन, उस, इसी, ये, ऐसे, जो, उन, जिस -->
    <feat name="PronType" value="Ind" upos="DET">2561</feat><!-- कुछ, कई, सभी, कम, ज्यादा, काफी, अधिक, और, हर, बहुत -->
    <feat name="PronType" value="Int" upos="DET,PRON">326</feat><!-- क्या, कैसे, क्यों, किस, कब, कौन, कहाँ, किन, कितना, कितने -->
    <feat name="PronType" value="Neg" upos="PART">2198</feat><!-- नहीं, न, बिना, बगैर, मत, नही -->
    <feat name="PronType" value="Prs" upos="PRON">14436</feat><!-- उन्होंने, इसके, यह, अपने, वह, कोई, उनके, उन्हें, अब, अपनी -->
    <feat name="Tense" value="Fut" upos="AUX,PROPN,VERB">2404</feat><!-- जाएगा, होगा, करेंगे, होगी, जाएगी, होंगे, करेगी, करेगा, जाएंगे, रहेगा -->
    <feat name="Tense" value="Past" upos="ADP,AUX,VERB">2694</feat><!-- था, थी, थे, थीं, के, थी,, थीः, भांपते -->
    <feat name="Tense" value="Pres" upos="AUX,VERB">11484</feat><!-- है, हैं, हूं, हूँ, हैँ -->
    <feat name="VerbForm" value="Conv" upos="ADJ,ADV,AUX,VERB">1130</feat><!-- लेकर, करके, होकर, देकर, मिलकर, आकर, जाकर, छोड़कर, बढ़कर, देखकर -->
    <feat name="VerbForm" value="Fin" upos="ADP,AUX,PRON,PROPN,PUNCT,VERB">17259</feat><!-- है, हैं, था, थी, थे, जाएगा, होगा, करेंगे, होगी, जाएगी -->
    <feat name="VerbForm" value="Inf" upos="AUX,NOUN,VERB">7999</feat><!-- करने, होने, जाने, देने, कहना, करना, बनाने, आने, लेने, मिलने -->
    <feat name="VerbForm" value="Part" upos="ADP,AUX,NOUN,PROPN,VERB,X">26246</feat><!-- कहा, किया, गया, की, दिया, हुए, गई, गए, बताया, दी -->
    <feat name="Voice" value="Act" upos="AUX,NOUN,PART,VERB">23655</feat><!-- है, कहा, कर, किया, हो, की, हैं, बताया, दिया, हुई -->
    <feat name="Voice" value="Pass" upos="AUX,NOUN,PROPN,VERB">2448</feat><!-- किया, की, कर, कहा, दिया, किए, दी, बनाया, मारे, रखा -->
  </feats>
  <!-- Statistics of universal dependency relations. -->
  <deps unique="27">
    <dep name="acl">3119</dep>
    <dep name="acl:relcl">1198</dep>
    <dep name="advcl">4456</dep>
    <dep name="advmod">3935</dep>
    <dep name="amod">14209</dep>
    <dep name="aux">11419</dep>
    <dep name="aux:pass">11108</dep>
    <dep name="case">67790</dep>
    <dep name="cc">6564</dep>
    <dep name="compound">36464</dep>
    <dep name="conj">7445</dep>
    <dep name="cop">3512</dep>
    <dep name="dep">4960</dep>
    <dep name="det">7205</dep>
    <dep name="dislocated">348</dep>
    <dep name="iobj">2518</dep>
    <dep name="mark">14445</dep>
    <dep name="nmod">34452</dep>
    <dep name="nsubj">21071</dep>
    <dep name="nsubj:pass">562</dep>
    <dep name="nummod">5588</dep>
    <dep name="obj">17134</dep>
    <dep name="obl">31274</dep>
    <dep name="punct">23545</dep>
    <dep name="root">16647</dep>
    <dep name="vocative">7</dep>
    <dep name="xcomp">729</dep>
  </deps>
</treebank>
